{"dropped_events": 0, "recent_latencies": [9091.686452999966, 1612.9221460000736, 72.54560299998047, 23.93960400013384], "recent_cache_hits": [0, 0, 1, 1]}